{
  "project_info": {
    "project_number": "907608334806",
    "firebase_url": "https://danaidapp.firebaseio.com",
    "project_id": "danaidapp",
    "storage_bucket": "danaidapp.appspot.com"
  },
  "client": [
    {
      "client_info": {
        "mobilesdk_app_id": "1:907608334806:android:700a95d22843627d458477",
        "android_client_info": {
          "package_name": "com.danaid.danaidapp"
        }
      },
      "oauth_client": [
        {
          "client_id": "907608334806-6itk6h7bi321ctu8157orcll2m4okgqf.apps.googleusercontent.com",
          "client_type": 1,
          "android_info": {
            "package_name": "com.danaid.danaidapp",
            "certificate_hash": "65e037a453c95b3b12e270c9dc4c6663b6bd5bba"
          }
        },
        {
          "client_id": "907608334806-qdcebsmkedg04ivfnviaraq82g6g1hbn.apps.googleusercontent.com",
          "client_type": 3
        }
      ],
      "api_key": [
        {
          "current_key": "AIzaSyBuTqtXUYUf6h_OgkMD_6mkWWX-mgrY0xk"
        }
      ],
      "services": {
        "appinvite_service": {
          "other_platform_oauth_client": [
            {
              "client_id": "907608334806-qdcebsmkedg04ivfnviaraq82g6g1hbn.apps.googleusercontent.com",
              "client_type": 3
            }
          ]
        }
      }
    },
    {
      "client_info": {
        "mobilesdk_app_id": "1:907608334806:android:1ed97e041e6535f8458477",
        "android_client_info": {
          "package_name": "com.danaid.danaidmobile"
        }
      },
      "oauth_client": [
        {
          "client_id": "907608334806-vhc782rveij5qk6uqkimr5rq17u7av8u.apps.googleusercontent.com",
          "client_type": 1,
          "android_info": {
            "package_name": "com.danaid.danaidmobile",
            "certificate_hash": "65e037a453c95b3b12e270c9dc4c6663b6bd5bba"
          }
        },
        {
          "client_id": "907608334806-qdcebsmkedg04ivfnviaraq82g6g1hbn.apps.googleusercontent.com",
          "client_type": 3
        }
      ],
      "api_key": [
        {
          "current_key": "AIzaSyBuTqtXUYUf6h_OgkMD_6mkWWX-mgrY0xk"
        }
      ],
      "services": {
        "appinvite_service": {
          "other_platform_oauth_client": [
            {
              "client_id": "907608334806-qdcebsmkedg04ivfnviaraq82g6g1hbn.apps.googleusercontent.com",
              "client_type": 3
            }
          ]
        }
      }
    }
  ],
  "configuration_version": "1"
}